"Id","Name","StreetAddress","PostalCode","Locality","Region","Country","PhoneNumber","Email"
1,"Golden Gate Badminton Club","190 Constitution Drive","94025","Menlo Park","CA","U.S.A.","",""
2,"Shula's Hotel and Golf Club","6842 Main Street","","Miami Lakes","Florida","U.S.A.","(305) 820-8100","adriana.torres@donshulahotel.com"
3,"Thomas A Stewart Secondary School","1009 Armour Road North","","Peterborough","ON","Canada","",""
4,"Bay Badminton","1611 Adrian Road","94010","Burlingame","CA","U.S.A.","650-692-1611","info@baybadminton.com"
5,"Shuswap Middle School","","","Salmon Arm","BC","Canada","",""
6,"Salmon Arm Secondary","","","Salmon Arm","BC","Canada","",""
8,"Orange County Badminton Club","1432 North Main Street","92867","Orange","CA","U.S.A.","",""
9,"Ajax HS","105 Bayly Street East","L1S 1P2","Ajax","Ontario","Canada","905-429-0901","fabcoach@rogers.com"
11,"Balboa Park Activity Center","2145 Park Blvd","92101","San Diego","CA","U.S.A.","",""
12,"Kelowna Badminton Club","1090 Richter Street","V1Y 2K5","Kelowna","BC","Canada","(250) 317-5715","pondsupplies@hotmail.com"
16,"Brushy Creek Community Center","16318 Great Oaks Drive","78681","Round Rock","TX","U.S.A.","512 255 7871",""
18,"Randolph Recreation Center","200 S. Randolph","","Tucson","Arizona","U.S.A.","",""
20,"Netsports","3717 Davis Drive","","Morrisville","NC","U.S.A.","",""
21,"Ajax High School","105 Bayly Street East","L1S 1P2","Ajax","Ontario","Canada","905-683-1610",""
22,"Elk Grove Pavilion","1000 Wellington","60007","Elk Grove","IL","U.S.A.","",""
24,"Interlake High School","16245 NE 24th St.","98008","Bellevue","WA","U.S.A.","425-456-7200",""
25,"Club Atwater","3505 Atwater Avenue","H3H 1Y2","Montreal","Quebec","Canada","514 935 2431",""
27,"MIT Rockwell Cage","Vassar Street","2139","Cambridge","MA","U.S.A.","",""
28,"OCBC","1432 N. Main St.","92867","Orange","CA","U.S.A.","",""
29,"Texins Activity Centers","13900 North Central Expressway","75243","Dallas","Texas","U.S.A.","214.567.3777","officers@texinsbadmintonclub.com"
32,"John Bowne High School","63-25 Main St.","11367","Flushing","NY","U.S.A.","646-271-3228","info@nycbadminton.com"
33,"Bay Badminton Club","1611 Adrian Road","94010","Burlingame","CA","U.S.A.","",""
35,"Wentworth Institute of Technology","550 Huntington Avenue","","Boston","MA","U.S.A.","",""
36,"Ryerson Kerr Hall Gym","379 Victoria St.","","Toronto","Ontario","Canada","","badmin@ryerson.ca"
38,"Orange County BC","1432 N. Main St","92867","Orange","CA","U.S.A.","1-714-6396222","OCBCmail@aol.com"
39,"Durham College","","","Oshawa","Ontario","Canada","",""
40,"Athletic Centre (U of T)","55 Harbord Street","","Toronto","Ontario","Canada","",""
41,"Manhattan Beach Badminton Club","516 - 18th Street","90266","Manhattan Beach","CA","U.S.A.","",""
43,"Athletic Centre (University of Toronto)","55 Harbord Street","","Toronto","Ontario","Canada","",""
44,"ZBTC","33540 Central Ave","94587","Union City (San Franscisco)","CA","U.S.A.","510-487-9282","widmeister@yahoo.com"
45,"Athletic Centre","55 Harbord Street","","Toronto","Ontario","Canada","",""
46,"Maverick Activities Center, University of Texas at Arlington","500 W. Nedderman Drive","76019","Arlington","Texas","U.S.A.","817-272-3277","deepak_kamath@yahoo.com"
47,"CP Badminton Club(CPBC)","20-24 119th Street","11356","College Point","New York","U.S.A.","347-368-4124","tournament@cpbadminton.com"
49,"UCLA","220 Westwood Plaza","90095","Los Angeles","CA","U.S.A.","714.230.5105","bruinopen@gmail.com"
50,"KBC","1090 Richter Kelowna","","Kelowna","BC","Canada","",""
51,"Shula's Athletic Club","15150 Bull Run Road","33014","Miami Lakes","Florida","U.S.A.","","play@miamipanam.com"
52,"Fonde Recreation Center","110 Sabine St.","77007","Houston","TX","U.S.A.","713-226-4466","houstonbadmintonclub@gmail.com"
53,"TAS Secondary School","1009 Armour Road North","","Peterborough","","Canada","",""
54,"Kerr Hall Gymnasium","","","Toronto","Ontario","Canada","",""
55,"Marblehead High School","","","Marblehead","MA","U.S.A.","",""
56,"Centennial Secondary School and Bayside Secondary School","160 Palmer Road Belleville 1247 Old Highway 2 between Belleville and Trenton","","Belleville","","Canada","",""
57,"Bellevue badminton club","13405 se 30th street Suite 1c","98005","Bellevue","Wa","U.S.A.","425-562-2950",""
59,"Broadway Armory","5917 N. Broadway St.","60660","Chicago","IL","U.S.A.","",""
61,"Shula's Hotel & Golf Club","6842 Main Street","","Miami Lakes","FL","U.S.A.","305-820-8100","adriana.torres@donshulahotel.com"
62,"TASS High School","1009 Armour Road North","K9J 7B1","Peterborough","","Canada","",""
63,"Ryerson Kerr Hall Gymnasium","379 Victoria Street","","Toronto","Ontario","Canada","",""
65,"Fraser Heights Secondary School","16060 108th Avenue","","Surrey","BC","Canada","",""
66,"California Badminton Academy","46049 Warm Springs Boulevard","94539","Fremont","CA","U.S.A.","",""
67,"Kingston Collegiate & Vocational Institute","235 Frontenac St","K7L 3S7","Kingston","Ontario","Canada","(613) 544-4811 ext. 349","saundersm@limestone.on.ca"
69,"JOHN BOWNE HS gym","63-25 Main Street","11367","Flushing","NY","U.S.A.","646-271-3228","info@nycbadminton.com"
70,"University of Western Ontario","","","London","Ontario","Canada","",""
71,"Recreation & Athletic Centre","","","Toronto","ON","Canada","416-979-5096",""
72,"Parsippany PAL (Police Athletic League)","33 Baldwin Road","7054","Parsippany","NJ","U.S.A.","",""
73,"Affinity Badminton Club","403 Quarry Road","94070","San Carlos","CA","U.S.A.","",""
74,"Garrison Forest School","300 Garrison Forest Rd","21117","Owning Mills","MD","U.S.A.","",""
75,"MIT, Rockwell Cage","120 Vassar Street","2139","Cambridge","MA","U.S.A.","",""
76,"ESPN/WIDE WORLD OF SPORT","","","Orlando","Florida","U.S.A.","",""
77,"Los Angeles Badminton Clib","10410 Valley Blvd","92731","El Monte","CA","U.S.A.","(626) 279-9919","info@labadmintonclub.com"
78,"Niwot High School","8989 Niwot Road","80503","Longmont","Colorado","U.S.A.","",""
79,"Bintang Badminton SSF","245 South Spruce Ave, Suite 700","","South San Francisco","CA","U.S.A.","650-624-0002",""
80,"Phoenixville YMCA","400 E. Pothouse Rd Phoenixville, PA 19460","","Phoenixville","PA","U.S.A.","",""
81,"CP Badminton Club (CPBC)","20-24 119th Street","11356","College Point","NY","U.S.A.","347-368-4124",""
82,"Boston Badminton Club","169 Flanders Rd","1581","Westborough","MA","U.S.A.","508-329-1710","info@bostonbadminton.com"
84,"Los Angeles Badminton Club (LABC)","10410 Valley Blvd.","91731","El Monte","CA","U.S.A.","626-279-9919",""
85,"George R. Brown Convention Center","1001 Avenida de las Americas","77010-6099","Houston","TX","U.S.A.","",""
86,"JOHN BOWNE HS GYM","63-25 Main Street","11367","Flushing","NY","U.S.A.","646-271-3228","info@nycbadminton.com"
88,"Bay Badminton Center","1611 Adrian Road","94010","Burlingame","CA","U.S.A.","",""
89,"UMASS Boston","100 Morrissey Blvd.","2125","Boston","MA","U.S.A.","",""
90,"UGA - Ramsey Center","300 River Road","30602","Athens","GA","U.S.A.","",""
91,"Richmond Oval,","611 River Road, Richmond , BC, V7C 0A2","V7C 0A2","Richmond","British Columbia","Canada","778 296 - 1400","badminton@badminton.ca"
92,"Cheyenne Mountain High School","1200 Cresta Road","80906","Colorado Springs","Colorado","U.S.A.","",""
93,"TBD","","","Richmond","BC","Canada","",""
95,"Z Badminton Training Center","33540 Central Avenue","94587","Union City","CA","U.S.A.","510-487-9282","info@zbadmintontrainingcenter.com"
96,"The Jacob K. Javits Convention Center of New York","655 West 34th Street","10001","New York","NY","U.S.A.","",""
97,"UT Arlington - Maverick Center","500 W.Nedderman Drive","76019","Arlington","TX","U.S.A.","214-906-7340","paulnibu@gmail.com"
98,"CP Badminton Club","20-24 119th Street","11356","College Point","NY","U.S.A.","347-368-4124",""
99,"Hickory Grove Elementary School","6709 Pence Road","","Charlotte","NC","U.S.A.","",""
100,"Cambie Secondary School","4151 Jacombs Road","V6V 1N7","Richmond","BC","Canada","",""
101,"University of Rochester","Robert B. Goergen Athletic Center at the University of Rochester Library Road (off of Joseph C. Wilson Blvd)","14627","Rochester","New York","U.S.A.","",""
103,"University of Toronto","55 Harbord Street","","Toronto","Ontario","Canada","905-429-0901","fabcoach@rogers.com"
104,"Bellevue Badminton Club","13405 se 30th street","98005","Bellevue","Wa","U.S.A.","425-562-2950","bellvuebadminton@gmail.com"
106,"Fetzer Gym B, Student Recreation Center, UNC-Chapel Hill","101 Student Recreation Center Fetzer Gym B, Student Recreation Center","27599","Chapel Hill","NC","U.S.A.","410-258-8109","h.boy.cup@gmail.com"
107,"Confucius Institute","112 Swan Hall 60 Upper College Road","2881","Kinston","RI","U.S.A.","401-874-4792","uricimail@gmail.com"
109,"Boson Badminton Center","169 Flanders Road","","Westborough","MA","U.S.A.","(508) 329-1710","zhipingyou@hotmail.com"
110,"Bryn Mawr College - Schwartz Gym","New Gulph Rd & N. Roberts Rd","19010","Bryn Mawr","PA","U.S.A.","",""
111,"Moncton Coliseum Complex","377 Killam Drive, Unit 100","E1C 3T1","Moncton","NB","Canada","",""
114,"North Gym, University of Maryland","SPH (Building number 255)","","College Park","MD","U.S.A.","",""
115,"BBC","13405 SE 30th St Suite 1C","98005","Bellevue","WA","U.S.A.","425-562-2950","bellevuebadminton@hotmail.com"
116,"Bintang South San Francisco","245 South Spruce Ave","94080","South San Francisco","California","U.S.A.","",""
117,"Bintang Badminton Academy - South San Francisco","245 South Spruce Ave","94080","South San Francisco","Ca","U.S.A.","650-624-0002",""
119,"SGVBC Pomona","3410 Pomona Blvd","91768","Pomona","CA","U.S.A.","",""
120,"Kingston Collegiate & V. I.","235 Frontenac St.","K7L 3S7","Kingston","ON","Canada","(613) 544-4811","saundersm@limestone.on.ca"
121,"Seattle Badminton Club","10858, 117th Place NE","98033","Kirkland","WA","U.S.A.","425-889-5958","katherine@seattlebadminton.com"
124,"University of Rochester Georgen Gymnasium","Library Road (off of Joseph C. Wilson Blvd)","14627","Rochester","New York","U.S.A.","",""
126,"United Badminton Club","43901 Boscell Road","94538","Fremont","CA","U.S.A.","510-656-2582","unitedbadmintonclub@gmail.com"
127,"Emory University","","","Atlanta","GA","U.S.A.","",""
129,"Fetzer Gym B, University of North Carolina, Chapel Hill","Student Recreation Center 101 Student Recreation Center","27599","Chapel Hill","NC","U.S.A.","","southernopen2012@gmail.com"
133,"Coral Reef Senior High School","10101 S.W. 152 Street","","Miami","Florida","U.S.A.","",""
134,"Orange County Badminton CLub","1432 North Main Street","92867","Orange","CA","U.S.A.","",""
136,"University of Central Oklahoma- Wellness Center","100 N. University Drive","73034","Edmond","Oklahoma","U.S.A.","+1(405)474-9618","wldarren@gmail.com"
138,"Rockwell Cage, MIT","120 Vassar Street","2139","Cambridge","MA","U.S.A.","",""
139,"University of Arizona Student Recreation Center","1400 E 6TH ST","85721","Tucson","AZ","U.S.A.","520-626-3396",""
141,"Bay Badminton Training Academy","1611 Adrian Rd.","94010","Burlingame","CA","U.S.A.","(650) 692 - 1611","info@baybadminton.com"
142,"Texins - Texas Instruments","13900 North Central Expressway","75243","Dallas","TX","U.S.A.","214.567.3777",""
144,"Badminton Center Court","3699 Industry Avenue","90712","Lakewood","California","U.S.A.","15624269299","tranining@thecentercourt.com"
147,"Boston Badminton Center","169 Flanders Road","","Westborough","MA","U.S.A.","(508) 329-1710","info@bostonbadminton.com"
148,"International Badminton Center","3775 Park Ave","8820","Edison","NJ","U.S.A.","917-626-8946","info@ibcusa.org"
149,"","4651 Britt Road Lucky Shoals Park","30093","Norcross","GA","U.S.A.","678.277.0860",""
150,"Richmond Olympic Oval","611 River Road, Richmond , BC","V7C 0A2","Richmond","","Canada","",""
151,"Ryerson University","379 Victoria Street","","Toronto","Ontario","Canada","","ryersonopen@gmail.com"
152,"Robinson S.S. Gym","5035 Sideburn Road","22032","Fairfax","VA","U.S.A.","",""
154,"Millennium Place","2000 Premier Way","T8H 2G4","Sherwood Park","AB","Canada","780.464-8244",""
156,"LBCC Main Gym","4901 East Carson Street","90808","Long Beach","CA","U.S.A.","",""
159,"Maverick Activities Center - UTA","500 W Nedderman St","76013","Arlington","Texas","U.S.A.","817-272-3277",""
165,"Bond Park Community Center","","","Cary","NC","U.S.A.","",""
166,"NJ Badminton Club","2 Changebridge Rd., East Bldg, Units JKL","7045","Montville","NJ","U.S.A.","201-572-4993","Wallace.Lee@njbadminton.com"
174,"Richmond Pro Badminton Centre","Unit 130 - 5800 Minoru Boulevard","","Richmond","British Columbia","Canada","",""
187,"Cambie Secondary","4151 Jacombs Road","","Richmond","BC","Canada","",""
189,"Goergen Athletic Center","Library Road","14627","Rochester","NY","U.S.A.","",""
191,"Shula´s Athletic Badminton Club","Miami Lakes","","Miami Lakes","","U.S.A.","1-954-324 7155","play@flabadminton.org"
200,"Badminton Center Court Inc.","3699 Industry Avenue","90712","Lakewood","California","U.S.A.","562-426-9299","training@thecentercourt.com"
211,"School of Public Health UMD","University of Maryland, College Park Maryland, 20742","","College Park","MD","U.S.A.","","badterpsminton@gmail.com"
215,"Los Angeles Badminton Club","10410 Valley Boulevard","91731","El Monte","CA","U.S.A.","",""
230,"University of Central Oklahoma - Wellness Center","100 N. University Drive","73034","Edmond","Oklahoma","U.S.A.","",""
231,"NERRC","7501 Oakleigh Rd","","Parkville, MD 21234","","U.S.A.","443-857-4744","shingles@jhu.edu"
236,"Badminton Center Court (BCC)","3699 Industry Avenue $25 for 1 event; $45 for 2 events $55 for 3 events","90712","Lakewood","California","U.S.A.","562-426-9299","andytran1011@yahoo.com"
237,"Kingston CVI","235 Frontenac St.","","Kingston","Ontario","Canada","(613) 544-4811 ext. 349","saundersm@limestone.on.ca"
249,"Richmond Pro","Unit 130 - 5800 Minoru Blvd.","V6X 2A9","Richmond","BC","Canada","604-231-0999","wcbf.vancouver@gmail.com"
252,"Reverchon Recreation Center","3505 Maple Avenue","75219","Dallas","Texas","U.S.A.","214-670-7721",""
254,"Alumni Hall, Carelton University","Alumni Hall, Carelton University, Ottawa, Ontario","","Ottawa","Ontario","Canada","+1 613 569 2424",""
255,"JOHN BOWNE H.S. GYM","63-25 MAIN STREET","11367","FLUSHING","NY","U.S.A.","646-271-3228","INFO@NYCBADMINTON.COM"
256,"Bintang Badminton South Francisco","245 South Spruce Avenue Suite 170","94080","South San Francisco","CA","U.S.A.","",""
259,"Orange County Badminton Club,","1432 N. Main St.","92867","Orange","CA","U.S.A.","+1.714.639.6222",""
262,"Valley Forge Baptist Temple","616 S. Trappe Rd (off Black Rock Rd)","19460","Collegeville","PA","U.S.A.","","vfb@usbadminton.net"
263,"Richmond Olympic Oval,","","","Richmond","British Columbia","Canada","",""
264,"Cleveland Convention Center","500 LAKESIDE AVENUE E","44114","Cleveland","Ohio","U.S.A.","",""
265,"City Auditorium","221 East Kiowa St","80903","Colorado Springs","Colorado","U.S.A.","",""
266,"Sports Gymnasium","55 Harbord Street","","Toronto","Ontario","Canada","",""
267,"California Badminton Academy (CBA)","46049 Warm Springs Blvd","94539","Fremont","CA","U.S.A.","",""
272,"Mavericks Activity Center - University of Texas @ Arlington","500 W. Nedderman Drive","76013","Arlington","Texas","U.S.A.","",""
273,"ClearOne Badminton Centre - Orlando","4141 North John Young Parkway","32804","Orlando","FL","U.S.A.","407-730-3596","orlando@clearonebadminton.com"
286,"Robert B. Goergen Athletic Center","","","Rochester","New York","U.S.A.","585-275-7643",""
288,"Bintang SSF","245 S Spruce Avevue, #700","94080","South San Francisco","CA","U.S.A.","650-624-0002","tournament@bintangbadminton.org"
289,"NC State University","Carmichael Gymnasium 2611 Cates Avenue","","Raleigh","North Carolina","U.S.A.","",""
290,"NJ Badminton Club (NJBC)","2 Changebridge Rd. Units JKL","7045","Montville","NJ","U.S.A.","201-572-4993","wallace.lee@njbadminton.com"
295,"Eastbay Badminton Association","4230 Hubbard Street","94608","Emeryville","CA","U.S.A.","(510)655-8989","ebaopen@gmail.com"
296,"Palmer Ridge High School","19255 Monument Hill Road","80132","Monument","CO","U.S.A.","",""
303,"Vancouver Racquets Club","4867 Ontario Street","","Vancouver","BC","Canada","604-992-1070","calvinholoboff@gmail.com"
305,"Ryerson Kerr Hall Upper Gym","379 Victoria Street","","Toronto","Ontario","Canada","","badmin@ryerson.ca"
308,"Kimberton Badminton Club","KImberton Waldorf School 410 W. 7 Stars Rd.","","Kimberton","PA","U.S.A.","",""
316,"Synergy Badminton Club","190 Constitutional Dr.","94025","Menlo Park","CA","U.S.A.","650.838.9318",""
318,"Thomas A Stewart Secondary School/Kenner Collegiate Vocational Institute","1009 Armour Road/633 Monaghan Road","","Peterborough","Ontario","Canada","",""
320,"School of Public Health","University of Maryland","20740","College Park","MD","U.S.A.","","feartheterpsminton@gmail.com"
321,"Midwest Badminton Club","2019 Corporate Lane Suite 103","60563","Naperville","Illinois","U.S.A.","630-364-2345","heatherp@mbadminton.com"
322,"U.C. Berkeley Recreational Sports Facility","2301 Bancroft Way","94720","Berkeley","CA","U.S.A.","",""
324,"Ryerson University, KHW gym","39 Gerrard St. E.","","Toronto","Ontario","Canada","","badmin@ryerson.ca"
328,"Shannon Pohl Badiminton Academy","Adversity Volleyball Center 710 Corporate Woods Pkwy.","60061","Vernon Hills","IL","U.S.A.","847-722-8857","badminton@shannonpohl.com"
331,"Schwartz Gym","","","Bryn Mawr","PA","U.S.A.","","macjrs14@usbadminton.net"
335,"University of Arizona Student Recereation Center","1400 E. 6th Street","8571","Tucson","AZ","U.S.A.","",""
347,"Egret Badminton Center, 1251 Basswood Rd, Schaumburg, IL 60173","1251 Basswood Rd.","60173","Schaumburg","IL","U.S.A.","847-285-5788",""
353,"Massachusetts Institute of Technology (MIT)","Rockwell Gymnasium 106 Vassar Street","2139","Cambridge","MA","U.S.A.","",""
360,"Bintang Milpitas","746 S. Milpitas Blvd.","95035","Milpitas","CA","U.S.A.","(408) 934-9915",""
361,"Suffolk County Community College","Grant Campus Crooked Hill Road","","Brentwood","NY","U.S.A.","",""
365,"Champions FieldHouse","30 Southlawn Ct","","Rockville","Maryland","U.S.A.","",""
367,"Boston Badminton","169 Flanders Road","1581","Westborough","MA","U.S.A.","508-329-1710","info@bostonbadminton.com"
368,"UBC Thunderbird Arena - Vancouver Campus","2555 Wesbrook Mall","","Vancouver","British Columbia","Canada","",""
370,"Suffolk County Community College, Health Sports and Education Center","Grant Campus Crooked Hill road Brentwood,","NY 11717","New York","","U.S.A.","(631)-851-6700","entries@usopengpg.com"
371,"George Brown Convention Center","","","Houston","Texas","U.S.A.","",""
375,"MIDWEST BADMINTON CLUB Naperville","2019 Corporate Lane Suite 103","60563","Naperville","Illinois","U.S.A.","630-364-2345","heatherp@mbadminton.com"
376,"Northside Aztlan Community Center","112 E. Willow Street","80524","Fort Collins","CO","U.S.A.","970.221.6256","fcbc.public@gmail.com"
377,"SGVBC 2","","","Pomona","California","U.S.A.","951-313-7226",""
380,"Champion's Fieldhouse","30 Southlawn Court","20850","Rockville","Maryland","U.S.A.","",""
384,"Midwest Badminton Club - Naperville","2019 Corporate Lane Suite 103","60563","Naperville","Illinois","U.S.A.","630-364-2345","chicagoopen@mbadminton.com"
385,"Smashville","381 W. High St. In back of Sunoco","19464","Pottstown","PA","U.S.A.","610-999-5960","TD14@smashville.us"
388,"Badminton NC","9300 Globe Center Drive Suite 116","27560","Morrisville","NC","U.S.A.","9193161739","lisa@badmintonnc.com"
390,"ClearOne Orlando","4141 N John Young Parkway","32804","Orlando","Florida","U.S.A.","407-730-3596","orlando@clearonebadminton.com"
391,"Papillion La Vista High School","305 East Cary Street","68046","Papillion","NE","U.S.A.","402-571-6933","shuttle@inebraska.com"
392,"Las Vegas Badminton Club","3655 W Sunset Rd, STE D","89118","Las Vegas","Nevada","U.S.A.","",""
394,"Fonde Recreational Center","110 Sabine St.","77007","Houston","TX","U.S.A.","713 266 4466","tournament@houstonbadmintonclub.org"
396,"1251 Basswood Rd","","60173","Schaumburg","IL","U.S.A.","847-285-5788",""
403,"3655 W Sunset Rd","STE D","89118","Las Vegas","Nevada","U.S.A.","",""
409,"Bay Badminton Center Milpitas","1191 W. Montague Expressway","95035","Milpitas","CA","U.S.A.","",""
410,"UNC Fetzer Gym","101 Student Recreation Center CB #8610","27514","Chapel Hill","NC","U.S.A.","",""
412,"Bintang Badminton South San Francisco","245 S. Spruce Ave, Suite 700","94080","South San Francisco","CA","U.S.A.","650-624-0002","CCclawrence@aol.com"
413,"Shannon Pohl Badminton Academy","Adversity Volleyball Center 710 Corporate Woods Pkwy","60061","Vernon Hills","IL","U.S.A.","847-722-8857","badminton@shannonpohl.com"
415,"NVBC","44590 Guilford Dr, #100","","Ashburn","VA","U.S.A.","","teuben@gmail.com"
418,"Archie's Valley Forge Baptist Temple","616 S. Trappe Rd","19426","Collegeville","PA","U.S.A.","","pastates15@Smashville.us"
420,"Northern Virginia Badminton Club","44590 Guilford Dr Suite 100","20147","Ashburn","VA","U.S.A.","571-210-1527","nvbcinfo@novabadmintonclub.com"
422,"Meri Lou Murray Recreation Center","2960 Washtenaw Avenue","48104","Ann Arbor","Michigan","U.S.A.","(734) 971-6355",""
423,"Bay Badminton Center, Milpitas","1191 Montague Expwy","95035","Milpitas","CA","U.S.A.","",""
426,"Zornow Courts in the Goergen Athletic Center","500 Joseph C Wilson blvd","14627","Rochester","New York","U.S.A.","585-267-9914","bxia2@u.rochester.edu"
427,"Plano Badminton Center","4050 Premier Drive, Suite 250","75023","Plano","Texas","U.S.A.","214 509 8168","tournament@planobadmintoncenter.com"
428,"East Hills Moravian Church","1830 Butztown Road","18017","Bethlehem","PA","U.S.A.","",""
431,"Rockwell Gym","106 Vasser Street","2139","Cambridge","MA","U.S.A.","",""
432,"Southern Section","","","Long Beach Poly FINAL","","U.S.A.","",""
436,"ESTERO RECREATION CENTER","9200 Corkscrew Palms Blvd.","33928","Estero","FL","U.S.A.","",""
437,"Maugus Club,","40 Abbott Road","2481","Wellesley","MA","U.S.A.","781-235-8151",""
439,"Bintang Badminton Club, Milpitas","746 S. Milpitas Blvd.","95035","Milpitas","CA","U.S.A.","",""
441,"Lowell High School","11700 Vergennes St SE","49331","Lowell","MI","U.S.A.","",""
442,"ClearOne Badminton Centre","4141 N John Young Parkway","32804","Orlando","FL","U.S.A.","",""
444,"Minneapolis Convention Center","1301 2nd S Avenue Suite A","55403","Minneapolis","Minnesota","U.S.A.","",""
445,"Lucky Shoals Park","4651 Britt Road","","Norcross","GA","U.S.A.","",""
446,"MBBC","516 18th St","90266","Manhattan Beach","CA","U.S.A.","",""
451,"Northsize Aztlan Community Center","112 E. Willow St","80524","Fort Collins","CO","U.S.A.","",""
454,"Recreational Sports Facility","2301 Bancroft Way","94720","Berkeley","CA","U.S.A.","510-642-7796",""
457,"Leonard Recretion Center","6324 Ballinger Rd","27410","Greensboro","NC","U.S.A.","(336) 297 4889",""
460,"LVBC","7750 S. Dean Martin Drive Suite 406","89118","Las Vegas","NV","U.S.A.","",""
465,"University of Rochester, Goergen Athletic Center, Zornow Courts","500 Joseph C Wilson Blvd","14627","Rochester","New York","U.S.A.","",""
467,"Carmichael Gymnasium","2611 Cate Avenue","27695","Raleigh","NC","U.S.A.","",""
473,"UCLA - Student Activities Center","220 Westwood Plaza","90095","Los Angeles","CA","U.S.A.","",""
476,"Charlotte Badminton Club","345 Hawthorne Ln","28204","Charlotte","NC","U.S.A.","7042365448","weimin.zhang.wv@gmail.com"
480,"Mari Lou Murray Rec Center","2960 Washtenaw Ave","48107","Ann Arbor","Michigan","U.S.A.","7349716355",""
486,"University of Wisconsin Nantatorium","2000 Observatory Dr","53715","Madison","Wisconsin","U.S.A.","2488367876",""
487,"Egret Badminton Club","1251 Basswood Road","","Schaumburg","IL","U.S.A.","",""
493,"Bintang Badminton Academy","245 South Spruce Avenue","94080","South San Francisco","CA","U.S.A.","650-624-0002","tournament@bintangbadminton.org"
501,"Egret Badminton Trainig Center","1251 Basswood Rd","60173","Schaumburg","Illinois","U.S.A.","630/219-1818",""
504,"Anteater Recreation Center","680 California Ave","92617","Irvine","CA","U.S.A.","(949) 824-5346",""
508,"SPX 107AB","1 Washington Sq","95192","San Jose","CA","U.S.A.","",""
516,"University of Wisconsin Natatorium","2000 Observatory Dr","53706","Madison","Wisconsin","U.S.A.","2488367876",""
518,"Denver Athletic Club","1325 Glenarm Place","80204","Denver","CO","U.S.A.","",""
522,"Houston Badminton Center","10550 W. Airport Blvd.","77477","Stafford","TX","U.S.A.","7133643803","tournament@houstonbadmintonclub.org"
524,"MIT","Rockwell Gymnasium 106 Vassar Street","2139","Cambridge","MA","U.S.A.","",""
527,"Maugus Club","40 Abbot Road","","Wellesley","MA","U.S.A.","",""
530,"Palm Beach County Convention Center","650 Okeechobee Blvd","33401","West Palm Beach","FL","U.S.A.","",""
533,"Bintang Badmitnon","746 S Milpitas Blvd","95035","Milpitas","California","U.S.A.","",""
537,"Cleveland Convention Center Hall A","300 Lakeside Ave E","44114","Cleveland","Ohio","U.S.A.","216.363.1444","KMaloney@clevelandsports.org"
539,"Egret Badminton Center","1251 Basswood Rd.","60173","Schaumburg","IL","U.S.A.","847-285-5788",""
541,"JOHN BOWNE HIGH SCHOOL GYM","63-25 Main Street","11367","Flushing","NY","U.S.A.","646-271-3228","info@nycbadminton.com"
542,"ClearOne Orlando Badminton Centre","4141 N. John Young Parkway","32804","Orlando","Florida","U.S.A.","(407) 730-3596",""
543,"Markin MacPhail Centre","WinSport, Winter Sport Institute","T3B 5R5","Calgary","","Canada","",""
545,"Harbour Pointe Badminton Club","3616 South Road, Building D","98275","Mulkiteo","WA","U.S.A.","",""
547,"San Jose State University Spartan Complex, SPX 107AB","1 Washington Sq","95192","San Jose","CA","U.S.A.","",""
550,"Round Rock Sports Center","2400 Chisolm Trail","78681","Round Rock","TX","U.S.A.","","compete@greateraustinbadminton.com"
558,"Northside Aztlan Center","112 Willow St.","80524","Fort Collins","CO","U.S.A.","970-221-6655",""
561,"Estero Community Park Recreation Center","9200 Corkscrew Palms Blvd","33928","Estero","Florida","U.S.A.","",""
563,"Leonard Recreation Center","6324 Ballinger Rd","27410","Greensboro","NC","U.S.A.","336 297-4889",""
579,"Long Island Sports Center","22 Lumber Road","","Roslyn","New York","U.S.A.","516-621-1402","longislandsportscenter@gmail.com"
582,"Westminster Rec Center","10455 N Sheridan Blvd","80020","Westminster","CO","U.S.A.","",""
586,"Hawthorne Recreation Center","345 Hawthorne Lane","","Charlotte","NC","U.S.A.","",""
590,"UBC","","","Fremont","CA","U.S.A.","",""
591,"NYBC","132-70 34th Ave","11354","Flushing","NY","U.S.A.","6462713228",""
593,"SPH GYM 2101","4200 Valley Drive","20742","College Park","Maryland","U.S.A.","",""
594,"EGRET","1251 Basswood Rd","","Schaumburg","IL","U.S.A.","",""
597,"S.D. Badminton Center Court","10806 Willow Court Suite 1","92127","San Diego","California","U.S.A.","619-864-3581","rathsy@yahoo.com"
599,"Academy of the Holy Family","St. Michael Center Gymnasium School Hill Road","","Baltic","Connecticut","U.S.A.","",""
604,"ClearOne Sports Center","4141 North John Young Parkway","32804","Orlando","FL","U.S.A.","",""
610,"Synergy Badminton Academy","190 Constitution Dr","94025","Menlo Park","CA","U.S.A.","",""
613,"Newark Memorial","","","Newark","CA","U.S.A.","",""
614,"San Diego Badminton Center Court","10860 Willow Crt Suite 1","92127","San Diego","California","U.S.A.","858-673-1711","rathsy@yahoo.com"
617,"San Jose State Spartan Complex","One Washington Sq","","San Jose","CA","U.S.A.","",""
620,"W.P. Wagner High School","6310 Wagner Road","","Edmonton","AB","Canada","","tournament@edba.org"
623,"Stage 18 Badminton Centre","#170 - 2351 No.6 Road","","Richmond","BC","Canada","604-278-3233",""
626,"Mandarin Badminton","500 Esna Park Drive #8","L3R 1H5","Markham","Ontario","Canada","",""
629,"OPEN TO MEMBERS OF KIMBERTON BADMINTON CLUB ONLY","410 W Seven Stars Rd","19460","Phoenixville","PA","U.S.A.","",""
631,"Shannon Pohl Badminton Academy / Adversity Volleyball Center","710 Corporate Woods Parkway","60061","Vernon Hills","Illinois","U.S.A.","",""
633,"Hecht Athletic Center","5821 San Amaro Drive","33146","Coral Gables","Florida","U.S.A.","(305) 284-8309",""
635,"Birmingham-Jefferson Convention Center","2100 Richard Arrington Jr. Blvd. N","35203","Birmingham","Alabama","U.S.A.","(225) 766-6800","nsga@NSGA.com"
641,"Bintang Badminton","245 S. Spruce Ave, Suite 700","","South San Francisco","CA","U.S.A.","650-624-0002",""
644,"Drive Badminton Centre","#138-4551 No. 3 Road","","Richmond","BC","Canada","604-285-2638",""
645,"Custer Park","","","Marietta","GA","U.S.A.","",""
646,"Don Shula's Athletic Club","15150 Bull Run Road","33014","Miami Lakes","Florida","U.S.A.","(305) 820-8025",""
647,"Anaheim Convention Center Arena","800 W Katella Avenue","92802","Anaheim","California","U.S.A.","+1-714-765-8590",""
648,"Wasson Academic Campus","2115 Afton Way","80909","Colorado Springs","CO","U.S.A.","",""
649,"Pan Am Centre","","","Markham","Ontario","Canada","",""
652,"Wyoming High School","1350 Prairie Parkway SW,","49509","Wyoming","MI","U.S.A.","",""
654,"Covenant College","Ashe Activity Center 14049 Scenic Hwy Look Mountain, GA","","Chattanooga","TN","U.S.A.","",""
657,"Atlanta Badminton Club","3975 Lakefield Court STE 102","30024","Suwanee","Georgia","U.S.A.","4049814678","chandra.madhavan@gmail.com"
658,"KHW Upper Gymnasium","350 Victoria Street","M5B 2K3","Toronto","Ontario","Canada","",""
663,"CBA Badminton Academy","46049 Warm Springs Blvd","94539","Fremont","CA","U.S.A.","510-438-0445",""
670,"Anaheim Korean Presbyterian Church","1408 S. Euclid St.","92802","Anaheim","CA","U.S.A.","",""
676,"Hinsdale South HS","","","Darien","IL","U.S.A.","",""
680,"10806 Willow Court, Suite #1","","92127","San Diego","CA","U.S.A.","8586731711",""
681,"Smashville Badminton","310 E. High St.","","Pottstown","PA","U.S.A.","",""
685,"Smash Badminton San Diego","9586 Distribution Ave., Suite E","92121","San Diego","CA","U.S.A.","(858) 876-2741",""
686,"Shuttlesport","1120-550 Sherling Place","","Coquitlam","BC","Canada","(604) 552-2473","office@shuttlesport.com"
687,"Campus Health & Wellness Centre","2000 Simcoe Street North","","Oshawa","Ontario","Canada","",""
688,"ClearOne Sports Centre","4141 N John Young Parkway #3","32804","Orlando","Florida","U.S.A.","407-730-3596","orlando@clearonebadminton.com"
693,"Purdue Recreation & Wellness","355 N Martin Jischke Dr","47907","West Lafayette","Indiana","U.S.A.","",""
697,"Garden Grove Sports & Recreation Center","13641 Deodara Dr","92844","Garden Grove","CA","U.S.A.","","twonla@gmail.com"
700,"San Gabriel Valley Badminton Club (SGVBC)","3410 Pomona Blvd","91768","Pomona","CA","U.S.A.","",""
705,"Shuttlesport Badminton Academy","Unit# 1120 550 Sherling Place","V3V 0J6","Port Coquitlam","BC","Canada","604-552-2473","office@shuttlesport.com"
706,"Mandarin BC","500 Esna Park Drive #8","L3R 1H5","Markham","Ontario","Canada","",""
712,"NORTHERN VIRGINIA BADMINTON CLUB","44590 Guilford Drive, #100","20147","Ashburn","VA","U.S.A.","571-577-3065","manori.nadesalingam@gmail.com"
713,"Frisco Badminton","10550 John W. Elliott Dr, Suite # 300","75033","Frisco","Texas","U.S.A.","2146180491","friscoopen2017@gmail.com"
714,"IM Sports West Gym 3","393 Chestnut Rd","","East Lansing","Michigan","U.S.A.","",""
718,"Kerr Hall Upper Gym","350 Victoria Street","M5B2K3","Toronto","","Canada","",""
721,"Northern California Badminton Club","2421 Mercantile Dr, Rancho Cordova 95742","","Sacramento","CA","U.S.A.","","ncbcwinter2018@gmail.com"
726,"22 Lumber Road","","11576","Roslyn","NY","U.S.A.","516-621-1402","longislandsportscenter@gmail.com"
728,"K-W Badminton Club","69 Agnes Street","N2G 2E9","Kitchener","Ontario","Canada","519-742-1844",""
730,"Campus Recreation and Wellness Centre, UOIT","2000 Simcoe Street North","","Oshawa","Ontario","Canada","",""
733,"US Badminton Academy","4569 Las Positas Rd","94551","Livermore","CA","U.S.A.","",""
739,"Glencoe","636 29 Ave SW","T2S 0P1","Calgary","AB","Canada","4032972722","jbell@badmintonalberta.ca"
740,"Campus Recreation and Wellness Centre (UOIT)","2000 Simcoe Street North","","Oshawa","Ontatio","Canada","",""
741,"Kingston Collegiate & VI","235 Frontenac St","K7L 3S7","Kingston","Ontario","Canada","(613) 544-4811","saundersm@limestone.on.ca"
745,"Play and Thrive","81 Remington Road","60173","Schaumburg","Illinois","U.S.A.","224-595-1513","peters@playnthrive.com"
747,"Durham District School Board","","","Whitby","Ontario","Canada","",""
751,"Sarkeys Fitness Center","","","Norman","OK","U.S.A.","",""
758,"UW Natatorium","2000 Observatory Dr","53706","Madison","WI","U.S.A.","6086221543","uwmadisonbc@gmail.com"
759,"Garden Grove Recreation Center","13641 Deodara Dr","92844","Garden Grove","CA","U.S.A.","7145481457",""
760,"Maxwell Heights SS","1100 Coldstream Drive","","Oshawa","Ontario","Canada","",""
763,"Boston Badminton club","169 Flanders Rd","1581","Westborough","MA","U.S.A.","",""
765,"CRWC (Durham College)","2000 Simcoe Street North","","Oshawa","Ontario","Canada","",""
766,"Henry M. Gunn High School","780 Arastradero Road","","Palo Alto","CA","U.S.A.","",""
767,"Rockwell Cage Gymasium","120 Vassar Street","2139","Cambridge","MA","U.S.A.","317-345-5248","CCClawrence@aol.com"
768,"Lasher High School Fieldhousel","3456 Lasher Rd","48302","Bloomfield Hills","MI","U.S.A.","9063704403",""
772,"Maugus Cllub","40 Abbot Rd.","2481","Wellesley","MA","U.S.A.","",""
773,"UCSD Main Gym","9500 Gilman Dr","92093","La Jolla","CA","U.S.A.","",""
776,"Fullerton Titan Gym","800 North State College Blvd.","92834","Fullerton","CA","U.S.A.","",""
778,"PLAY N THRIVE","81 REMINGTON ROAD","60173","SCHAUMBURG","IL","U.S.A.","847-485-0303","heather@playnthrive.com"
781,"Wisconsin Center","400 W Wisconsin Ave","53203","Milwaukee","WI","U.S.A.","",""
789,"Gallogly Recreation and Wellness Center","1420 Austin Bluffs Parkway","80918","Colorado Springs","CO","U.S.A.","",""
793,"Egret Badminton & StarTeam","1251 Basswood Road","60173","Schaumburg","IL","U.S.A.","847-285-5788",""
799,"CRWC (University of Ontario)","2000 Simcoe Street North","","Oshawa","Ontario","Canada","905-721-3040","wayne.king@uoit.ca"
806,"Piedmont Hills High School","1377 Piedmont Rd","95132","San Jose","California","U.S.A.","510-999-1111","tonyhong007@gmail.com"
810,"AC Academy","22 Town Farm Rd","1886","Westford","MA","U.S.A.","7745459886","tanggwei@gmail.com"
811,"Club28 Badminton Philadelphia","3559 Edgemont St.","","Philadelphia","Pennsylvania","U.S.A.","917-7082727","club28.usa@gmail.com"
812,"Purdue Recreation & Wellness (CoRec)","355 N Martin Jischke Drive","47906","West Lafayette","Indiana","U.S.A.","",""
829,"Triangle Badminton Club (TBC)","1012 Morrisville Parkway","27560","Morrisville","NC","U.S.A.","919-423-1204","info@trianglebadmintonclub.com"
830,"Don Knabbe Community Park","","","Cerritos","CA","U.S.A.","",""
834,"BLOOMFIELD HILLS MIDDLE SCHOOL","4200 West Quarton Rd","48302","Bloomfield Hills","Michigan","U.S.A.","248-709-4511","mathewoo@aol.com"
835,"CRWC (UOIT)","2000 Simcoe Street North","","Oshawa","Ontario","Canada","",""
836,"UCLA Student Activities Center","220 Westwood Plz","90095","Los Angeles","CA","U.S.A.","",""
841,"ClearOne Sport Centre","4141 N Young Parkway","32804","Orlando","Florida","U.S.A.","",""
844,"UW Madison Natatorium","2000 Observatory Drive","53706","Madison","Wisconsin","U.S.A.","630-528-7888",""
847,"Purdue Recreation and Wellness","355 N Martin Jischke Dr","47907","West Lafayette","Indiana","U.S.A.","",""
855,"UC Davis Pavilion","232 ARC One Shields Ave","95616","Davis","CA","U.S.A.","",""
863,"10410 Valley Blvd","","91731","El Monte","CA","U.S.A.","",""
864,"South Surrey Recreation & Arts Centre","14601 20 Avenue","","Surrey","BC","Canada","604-592-6970",""
873,"Smashville Pottstown","310 E High st","19464","Pottstown","Pennsylvania","U.S.A.","",""
876,"Triangle Badminton Club","1012 Morrisville Parkway","27560","Morrisville","NC","U.S.A.","919-650-1824","info@trianglebadmintonclub.com"
877,"Arena Badminton Club","2780 South Reservoir St","91766","Pomona","CA","U.S.A.","626-267-9321",""
881,"The Brushy Creek Municipal Utility District Community Center","16318 Great Oaks Drive","78681","Round Rock","TX","U.S.A.","",""
883,"Queensborough Badminton Center","20-24 119th Street","11356","College Point","NY","U.S.A.","718-358-5700","queensbcny@gmail.com"
884,"The Derrick Club","3500 119 St NW","T6J 5P5","Edmonton","Alberta","Canada","780-437-1833","info@derrickclub.com"
885,"Main Gym, Patti Herbert Wellness Center","1241 Theo Dickinson Dr","33146","Coral Gables","FL","U.S.A.","(305) 284-8500",""
886,"CRWC (Universty of Ontario)","2000 Simcoe Street North","L1H 7K4","Oshawa","Ontario","Canada","",""
891,"Arena Badminton & Sports Club","2780 S. Reservoir St,","","Pomona","CA","U.S.A.","",""
892,"Barlett High School","1101 Golden Bear Dr","99504","Anchorage","AK","U.S.A.","19073505501",""
893,"Smashville & Kimberton Waldorf school","","","Pottstown/Phoenixville","Pennsylvania","U.S.A.","",""
895,"ssss","300 scugog street","L1C 3K2","bowmanville","ontario","Canada","",""
896,"University of Michigan","North Campus Recreational Building 2375 Hubbard Rd","48109","Ann Arbor","MI","U.S.A.","",""
897,"San Gabriel Valley Badminton Club - Pomona","3410 Pomona Blvd","91768","Pomona","CA","U.S.A.","",""
900,"Durham College/Ontario Tech","2000 Simcoe Street North","","Oshawa","Ontario","Canada","",""
909,"Bloomfield Middle School","4200 W Quarton RD","","Bloomfield Hills","MI","U.S.A.","9063704403",""
914,"Burnsville High School","600 State Hwy 13","55337","Burnsville","Minnesota","U.S.A.","",""
918,"Shannon Pohl Badminton Academy (Adveristy Volleyball Center)","710 Corporate Wood Pkwy","60061","Vernon Hills","IL","U.S.A.","847-722-8857",""
921,"Delta College Blanchard Gym","5151 Pacific Avenue","95207","Stockton","California","U.S.A.","2092982631","mike_h_phan@yahoo.com"
928,"Albuquerque Convention Center","401 2nd St. NW","87102","Albuquerque","New Mexico","U.S.A.","",""
929,"Comstock Park High School","150 6 Mile Road Northeast","49321","Comstock Park","MI","U.S.A.","",""
930,"Fieldhouse USA","6155 Sports Village Road","75033","Frisco","Texas","U.S.A.","",""
934,"Titan Gym","California State University, Fullerton 800 N State College Blvd","92831","Fullerton","California","U.S.A.","",""
937,"CEPS LOUIS – J. ROBICHAUD","","","Moncton","New Brunswick","Canada","",""
938,"Newark Event Center","39375 Cedar Blvd","94560","Newark","California","U.S.A.","",""
943,"University of Colorado Colorado Springs","Gallogly Recreation and Wellness Center 1420 Austin Bluffs Parkway","80918","Colorado Springs","CO","U.S.A.","",""
947,"Walnut Rec Center","21003 La Puente Rd","91789","Walnut","CA","U.S.A.","(909) 444-7959",""
959,"International Badminton Club","3775 Park Ave","8820","Edison","New Jersey","U.S.A.","",""
970,"Atlanta Recreation club","2711 Pine Grove Rd, Cumming","","Cumming","GA","U.S.A.","",""
973,"EastBay Badminton Association","4230 Hubbard Street","94608","Emeryville","CA","U.S.A.","5106558989",""
975,"Washington County Legacy Park Grafton Building","5500 West 700 South","84737","Hurricane","Utah","U.S.A.","",""
985,"ARENA","2780 S Reservoir St","","Pomona","CA","U.S.A.","",""
990,"South Gym, Student Rec Center","University of Arizona 1400 E 6th St","85721","Tucson","Arizona","U.S.A.","","uazbadminton@gmail.com"
991,"Bellevue Badminton Club -- Renton","846 Lind Ave SW","98057","Renton","Washington","U.S.A.","425-277-4721","info@bellevuebadminton.com"
995,"Long Island Sport center","20-24, 119th street","11356","College Point","NY","U.S.A.","516-621102",""
996,"Smashville MainLine","250 King manor Dr.","","King of Prussia","PA","U.S.A.","",""
1001,"DFW Badminton Center","1800 Hurd Dr.","75038","Irving","TX","U.S.A.","949-436-8849",""
1006,"Atlanta Recreation Club","2711 Pine Grove Rd","30041","Cumming","GA","U.S.A.","",""
1007,"IBC 2","10 New Maple Ave., Unit 302","7058","Pine Brook","NJ","U.S.A.","732-549-7190","info@ibcusa.org"
1008,"Santa Fe Springs Badminton Club","11323 Shoemaker Ave","90670","Santa Fe Springs","CA","U.S.A.","",""
1012,"Midwest Badminton Club-Naperville","2019 Corporate Lane Suite 103","60563","Naperville","IL","U.S.A.","312-927-2885","info@mbadmingon.com"
1013,"Egret Badminton Center-Naperville","1811 High Grove Ln #191","","Naperville","IL","U.S.A.","630-536-8032",""
1014,"Smashville Mainline","250 King Manor Dr","19406","King of Prussia","PA","U.S.A.","","TD@smashville.us"
1015,"Royal Badminton Academy","44590 Guiford Dr.Suite 100","2014","Ashburn","VA","U.S.A.","703-258-1300",""
1016,"EGRET Badminton Club","1251 Basswood Rd","60173","Schaumburg","Illinois","U.S.A.","",""
1021,"CSULB Kin West Gym","West Gym","90816","Long Beach","California","U.S.A.","",""
1022,"RichmondPro Badminton Centre","#130-5800 Minoru Blvd.","V6X 2B1","Richmond","BC","Canada","604-231-0999",""
1024,"Club28 Badminton","3559 Edgemont St.","19134","Philadelphia","PA","U.S.A.","",""
1028,"Robertson Gym","18 Ocean Rd","93117","Isla Vista","CA","U.S.A.","",""
1035,"ARC","2711 Pine Grove Rd","","Cumming","GA","U.S.A.","",""
1036,"TBTT","","","Morrisville","NC","U.S.A.","",""
1037,"Streamers","740 Centinela Avenue Suite 101","90302","Inglewood","CA","U.S.A.","424-270-4161","BillBlair@PortalVia.net"
1038,"Max Power Sports","250 King Manor Dr","","King of Prussia","PA","U.S.A.","",""
1043,"IBC2","10 New Maple Ave.","7058","Pine Brook","NJ","U.S.A.","732-549-7190","info@ibcusa.org"
1047,"ATLANTA RECREATION CLUB","2711 Pine Grove Rd","30041","Atlanta","Georgia","U.S.A.","",""
1048,"310 E High st","3rd Floor","19464","Pottstown","PA","U.S.A.","",""
1062,"Midwest Badminton Woodridge","8202 Lemont Road","60517","Woodridge","IL","U.S.A.","331-903-3049","events@mbadminton.com"
1064,"Smashville KOP","250 King Manor Dr","19406","King of Prussia","PA","U.S.A.","",""
1065,"Triangle Badminton and Table Tennis","2900 Perimeter Park Dr, Suite# 200","27560","Morrisville","NC","U.S.A.","919-388-0272",""
1067,"New Jersey Badminton Club","2 Changebridge Rd","7045","Montville","NJ","U.S.A.","+1 (201) 898-0382","njbc.info@gmail.com"
1068,"Cabarrus Arena & Events Center","4751 NC Highway 49","28025","Concord","NC","U.S.A.","",""
1070,"The Farm Sports","2660 Vickers Dr","80918","Colorado Springs","CO","U.S.A.","",""
1077,"Burnsville High School (enter via Door 1)","600 State Hwy 13","55337","Burnsville","MN","U.S.A.","",""
1081,"Northwest Badminton Academy","13203 NE Spring Blvd","98005","Bellevue","Washington","U.S.A.","425-270-3318","info@northwestbadminton.com"
1087,"Midwest Badminton Club - Woodridge","8202 Lemont Road","60517","Woodridge","IL","U.S.A.","331-903-3049","events@mbadminton.com"
1093,"University Of Arizona Recreation Center","1400 E 6th St Tucson","85721","Tucson","Arizona","U.S.A.","","uazbadminton@gmail.com"
1094,"Club 28 Badminton","3569 Edgemont st.","19134","Philadelphia","PA","U.S.A.","9177082727","club28.usa@gmail.com"
1095,"Nets On Fire","1871 W Canyon View Dr","84770","St. George","Utah","U.S.A.","",""
1105,"Egret Badminton","1251 Basswood Rd.","60173","Schaumburg","IL","U.S.A.","847-285-5788",""
1106,"Elite Badminton Center","33540 Central Ave","94587","Union City","CA","U.S.A.","510-431-3130","elitecenterinfo@gmail.com"
1107,"PAVILION RECREATION COMPLEX","400 SCOTSWOOD ROAD,","29687","TAYLORS","SC","U.S.A.","",""
1108,"Northeast Badminton CLub","142 Belmont Drive","","Somerset","NJ","U.S.A.","",""
1109,"Southwest Recreation Center","3150 Hull Rd","32611","Gainesville","Fl","U.S.A.","(352) 846-1081",""
1111,"Nicholas Recreation Center","797 W Dayton St.","53715","Madison","WI","U.S.A.","414-319-9055",""
1119,"Canada Elite Badminton & Sports","177 Westcreek Drive","L4L 9N6","Woodbridge","Ontario","Canada","905-944-0607","tournaments@elitebadminton.ca"
1120,"LONG ISLAND BADMINTON CENTER","575 MERRICK AVE.","11590","WESTBURY","NY","U.S.A.","6462713228 / 516-388-7821",""
1121,"Edina High School Gym/Activity Center (enter via door 6)","6754 Valley View Rd","55439","Edina","MN","U.S.A.","",""
1123,"Bellevue Badminton Club (Harbour Pointe)","3616 South Road, Building D","98275","Mukilteo","WA","U.S.A.","425-374-8094",""
1126,"Chanhassen High School Gym 3","2200 Lyman Blvd","55317","Chanhassen","MN","U.S.A.","",""
1130,"South Jersey Indoor Sports Club","545 NJ-73","8091","West Berlin","NJ","U.S.A.","",""
1131,"Synergy Badminton","44380 Old Warm Springs Blvd","94538","Fremont","CA","U.S.A.","",""
1132,"SPARC Arena NOVI","42775 9 Mile Rd","48375","NOVI","MI","U.S.A.","",""
1133,"Seaton Center","1210 University Dr","40502","Lexington","Kentucky","U.S.A.","",""
1134,"South Jersey Indoor Sports Center","545 North Route 73","","West Berlin","New Jersey","U.S.A.","8568096783","SouthJerseyISC@gmail.com"
1136,"Triangle Badminton & Table Tennis","2900 Perimeter Park Dr, #200","27560","Morrisville","NC","U.S.A.","",""
1138,"New Jersey Badminton CLub","2 Changebridge Rd","","Montville","NJ","U.S.A.","",""
1139,"Purdue Badminton Club","355 N Martin Jischke Drivce, West Lafayette, IN 47907","47907","West Lafayette","IN","U.S.A.","765-607-3955","tan284@purdue.edu"
1140,"North Campus Recreation Building","2375 Hubbard Road","48109","Ann Arbor","Michigan","U.S.A.","",""
1148,"SPARC","42775 9 Mile Rd","","Novi","MI","U.S.A.","",""
1150,"Fort Lauderdale Convention Center","1950 Eisenhower Blvd. Hall C","33316","Fort Lauderdale","Florida","U.S.A.","",""
1157,"Synergy Fremont","44380 Old Warm Springs Blvd","94538","Fremont","CA","U.S.A.","",""
1158,"Mission College - Santa Clara","3000 Mission College Boulevard","95054","Santa Clara","CA","U.S.A.","408-855-5579",""
1171,"UCCS","1420 Austin Bluffs Pkwy","80918","Colorado Springs","CO","U.S.A.","",""
1173,"Egret Badminton in Naperville","1811 High Grove Ln","60540","Naperville","IL","U.S.A.","630-536-8032","egrettournament@gmail.com"
1174,"UNCG Student Recreation Center","1510 Walker Avenue","27403","Greensboro","NC","U.S.A.","336 989 9459",""
1175,"Friedman Jesish Community Center","613 S J Strauss Ln.","18702","Wilkes Barre","PA","U.S.A.","","jeff@ksgoffice.com"
1176,"IBC Pine Brook","10 New Maple Ave","","Pine Brook","NJ","U.S.A.","732-549-7190","info@ibcusa.org"
1186,"LONG ISLAND BADMINTON CENTER (LIBC)","575 MERRICK AVENUE","11590","WESTBURY","NY","U.S.A.","516-388-7821","2020LIBC@GMAIL.COM"
1187,"Club28 badminton","3569 Edgemont st","19134","Philadelphia","PA","U.S.A.","917.7082727",""
1191,"Burnsville High School Gym (enter via Door 1)","600 State Hwy 13","55337","Burnsville","MN","U.S.A.","",""
1194,"Club28 badminton Philadelphia","3569 Edgemont st.","19134","Philadelphia","PA","U.S.A.","9177082727","club28.usa@gmail.com"
1199,"Arise Sports Complex","542 Koomey Rd","","Brookshire","Texas","U.S.A.","310-428-6564",""
1200,"Orange County Badminton Club (OCBC)","1432 N Main St","92867","Orange","CA","U.S.A.","(714) 639-6222","phillipocbc@gmail.com"
1205,"Purdue University’s France A. Cordova Recreational Sports Center, Level B–Lower Gym","355 N. Martin Jischke Drive","47907","West Lafayette","Indiana","U.S.A.","",""
1211,"Long Island Badminton Center","575 Merrick Ave","","Westbury","NY","U.S.A.","",""
1213,"Forker Building 175 & 184","534 Wallace Rd, Ames, IA 50011","50014","Ames","Iowa","U.S.A.","",""
1220,"NCBC","2421 Mercantile Dr Suite D","95742","Rancho Cordova","CA","U.S.A.","",""
1221,"UCLA - Student Activities Center (SAC)","220 Westwood Plaza","90095","Los Angeles","CA","U.S.A.","",""
1225,"Chicago Badminton Academy","570A Telser Rd","60047","Lake Zurich","Illinois","U.S.A.","2244247373","jimmysun@cbadminton.com"
1226,"Prairie Badminton","275 de Baets Street, Unit 2","","Winnipeg","Manitoba","Canada","(204) 663-5499","info@prairiebadminton.ca"
1228,"University of Arizona Recreation Center, South Gym","1400 E 6th Street","85721","Tucson","Arizona","U.S.A.","","uazbadminton@gmail.com"
1231,"NETS & TURF","2711 Pine Grove Rd","30041","Cumming","Georgia","U.S.A.","",""
1232,"Silver Creek High School","3434 Silver Creek Road","95121","San Jose","CA","U.S.A.","","scbaddy@gmail.com"
1241,"575 Merrick Ave.","","11590","Westbury","NY","U.S.A.","646-271-3228","info@nycbadminton.com"
1242,"Nets and Turf","2711 Pine grove road","","Cumming","GA","U.S.A.","",""
1244,"Markham Pan Am Centre","","","Markham, Toronto","Ontario","Canada","","Jordan.Naturkach@strathcona.ca"
1247,"Austin Badminton","1974 Steam Way","78665","Round Rock","TX","U.S.A.","737-278-2788",""
1250,"Wilson H.S.","","","Hacienda Heights","CA","U.S.A.","",""
1252,"Frisco Badminton Academy","6226 All Stars Ave","75033","Frisco","TX","U.S.A.","",""
1253,"LIBC","575 Merrick Ave","11590","Westbury","NY","U.S.A.","516-388-7821",""
1256,"Happy Birdie Badminton","43921 Boscell Rd","94538","Fremont","CA","U.S.A.","",""
1258,"Arizona Badminton Center","2150 West Broadway Road #107","85202","Mesa","AZ","U.S.A.","602-570-4162","GCoachGC5@cox.net"
1260,"11150 SW Allen Blvd","Suite 200","97005","Beaverton","OR","U.S.A.","5034307861","info@orbadminton.com"
1261,"Midwest Badminton Club Woodridge","8202 Lemont Rd.","60517","Woodridge","IL","U.S.A.","",""
1262,"Synergy","","","Fremont","California","U.S.A.","",""
1263,"SPH Gym 2101","4200 Valley Drive","20742","College Park","MD","U.S.A.","","info@umdclubbadminton.com"
1264,"Herbert Wellness Center","1241 Dickinson Drive 2nd Floor","33146","Coral Gables","FL","U.S.A.","305-284-8500",""
1267,"Newark Memorial High School","39375 Cedar Blvd","94560","Newark","CA","U.S.A.","",""
1269,"UGA Ramsey Student Center","330 River Rd","30602","Athens","GA","U.S.A.","",""
1270,"UC Davis Pavilion (U-Center)","750 Orchard Rd","","95616","California","U.S.A.","",""
1271,"Catholic Central West Campus","251 Britannia Blvd","","Lethbridge","AB","Canada","",""
1272,"Chinook High School","259 Britannia Blvd","","Lethbridge","AB","Canada","",""
1273,"Senator Joyce Fairbairn Middle School","301 Rocky Mountain Blvd W","","Lethbridge","AB","Canada","",""
1274,"MBC @ NAPERVILLE","2019 Corporate Ln STE 103","60563","NAPERVILLE","IL","U.S.A.","",""
1275,"Activities and Recreation Center","201 E Peabody Dr","61820","Champaign","Illinois","U.S.A.","",""
1277,"George W. Woodruff Physical Education Center","26 Eagle Row","30322","Atlanta","Georgia","U.S.A.","",""
1279,"SPX 107A&B","Spartan Complex Building, San Jose State University","95112","San Jose","CA","U.S.A.","","badminton@sjsustudents.com"
1280,"Midwest Badminton Club: Buffalo Grove","1362 Barclay Blvd","60089","Buffalo Grove","IL","U.S.A.","847-777-1050","events@mbadminton.com"
1285,"Atlanta Badminton Club 2","300 Brogdon Rd,, STE 110","30024","Suwanee","GA","U.S.A.","2697797711","abbagari.siddhartha@gmail.com"
1286,"INTERNATIONAL BADMINTON CENTER EDISON","3775 PARK AVE","8820","EDISON","NJ","U.S.A.","",""
1287,"CBA @ Lake Zurich","570a Telser Rd","60047","Lake Zurich","IL","U.S.A.","",""
1290,"UCSB Robertson Gymnasium","University Road","93117","Isla Vista","CA","U.S.A.","",""
1293,"MBC Woodridge","8202 Lemont Rd","60517","Woodridge","IL","U.S.A.","",""
1294,"Nets & Turf","2711 Pine grove road","30041","Cumming","Georgia","U.S.A.","",""
1296,"Hickey Gymnasium","350 Howard Way","95616","Davis","","U.S.A.","",""
1297,"Synergy Menlo Park","","","Menlo Park","CA","U.S.A.","",""
1298,"Cosports Badminton & Table Tennis Club","921 Seaborne Ave","V3B 8B2","Port Coquitlam","BC","Canada","(778) 858-0766",""
1299,"Shannon Pohl Badminton Academy/Adversity Volleyball Center","710-720 Corporate Woods Parkway","60061","Vernon Hills","IL","U.S.A.","",""
1309,"MBC NP","2019 Corporate Ln STE 103","60563","Naperville","IL","U.S.A.","",""
1312,"Grandview Heights Secondary School","16987 25 ave","V3Z 0Z9","Surrey","BC","Canada","",""
1313,"The Podium","511 West Dean Ave","99201","Spokane","WA","U.S.A.","",""
1316,"South Fayette High School (Main Gymnasium)","3640 Old Oakdale Road","15057","McDonald","PA","U.S.A.","",""
1318,"Mid-America Center","","51501","Council Bluffs","IA","U.S.A.","",""
1324,"The Farm (TBC)","2660 Vickers Drive","80918","Colorado Springs","CO","U.S.A.","",""
1327,"UNCG Middle College","1510 Walker Avenue","27403","Greensboro","NC","U.S.A.","",""
1328,"EGRET NAPERVILLE","1811 HIGHGROVE LANE","60540","NAPERVILLE","IL","U.S.A.","630-5368032",""
1329,"Nets and turf","2711 Pine grove rd","30041","cumming","GA","U.S.A.","","netsandturftournaments@gmail.com"
1334,"Miami Lakes Athletic Club","15150 Bull Run Road","33014","Miami Lakes","FL","U.S.A.","(305) 820-8025",""
1335,"Forker Building","534 Wallace Rd","50011","Ames","Iowa","U.S.A.","5153373259","yihong19@iastate.edu"
1340,"Bellevue Badminton Club - Mukilteo","3616 South Road","98275","Mulkiteo","WA","U.S.A.","",""
1341,"Virginia Beach Sports Center","1045 19th Street","23451","Virginia Beach","Virginia","U.S.A.","757-937-4571",""
1342,"Club 28 badminton Philadelphia","3569 Edgemont St.","","Philaedelphia","PA","U.S.A.","",""
1343,"Skylar Sun Sports Complex","4102 Veteran Dr Building A","77584","Pearland","TX","U.S.A.","","info@skylarsunsports.com"
1348,"Capital Badminton Academy - Columbia","9188 Red Branch Road","21045","Columbia","Maryland","U.S.A.","",""
1350,"MALV","1988 Schadt Avenue","18052","Whitehall","PA","U.S.A.","",""
1355,"Belk Gymnasium","8911 University Rd","28223","Charlotte","NC","U.S.A.","",""
1356,"Arena Badminton & Sport Club","2780 S Reservoir Street","91766","Pomona","California","U.S.A.","",""
1358,"TMU Kerr Hall Gym","379 Victoria Street","M5B 2K3","Toronto","Ontario","Canada","","info@acesports.ca"
1361,"ICC Gymnasium","10501 Success Lane","","Washington Township","45458","U.S.A.","",""
1362,"E.P. ""Tom"" Sawyer State Park","3000 Freys Hill Rd","40241","Louisville","Kentucky","U.S.A.","",""
1367,"Club 28 Coatesville","255 Mt Airy Road","19320","Coatesville","PA","U.S.A.","",""
1368,"MBC Naperville","2019 Corporate Ln STE 103","60563","Naperville","IL","U.S.A.","",""
1373,"NorCal Badminton Center","2421 Mercantile Drive Suite D","95742","Rancho Cordova","California","U.S.A.","",""
1375,"TMU - Kerr Hall","","","Toronto","Ontario","Canada","",""
1376,"Ascend Badminton Centre","1305 Commissioners Road E Suite 102","N6M0B8","London","Ontario","Canada","519-838-6655","admin@ascendbadminton.com"
1377,"Brooklyn Badminton Center","14 woodward ave","11385","ridgewood","NY","U.S.A.","6462713228","2023BKBC@GMAIL.COM"
1378,"MBC - Naperville","2019 Corporate Lane #103","60563","Naperville","IL","U.S.A.","630-364-2345","events@mbadminton.com"
1383,"Nexus Badminton","13960 N Stemmons Fwy","75234","Farmers Branch","Texas","U.S.A.","2147010535","admin@nexusbadminton.com"
1384,"Ramsey Student Center; Gym East","330 River Rd.","30602","Athens","GA","U.S.A.","",""
1386,"Malkin Athletic Center, 4th floor","39 Holyoke St","","Cambridge","MA","U.S.A.","",""
1387,"Nets & Turf Arena","2711 Pine grove rd","","Cumming","GA","U.S.A.","",""
1388,"SPARC Arena","42775 9 mile rd","48375","Novi","Michigan","U.S.A.","",""
1389,"chicago badminton academy","570A Telser Rd","60047","Lake Zurich","Illinois","U.S.A.","2244247373","cbacademy1118@gmail.com"
1390,"Club 28 Philadelphia","3569 Edgemont st","19134","Philadelphia","PA","U.S.A.","",""
1391,"1400 E 6th St","","85721","Tucson","Arizona","U.S.A.","(520) 621-8702",""
1397,"43921 Boscell Rd.","","94538","Fremont","CA","U.S.A.","",""
1401,"St. Leo University Wellness Center","33701 State Road 52","33574","St. Leo","Florida","U.S.A.","(352) 588-8035",""
1403,"ClearOne Badminton Centre (No 3 Rd)","4351 No 3 Road Unit #100","V6X 2C3","Richmond","BC","Canada","(604) 278 0221","tournament@clearonebadminton.com"
1404,"MBC","2019 Corporate Ln STE 103","60563","Naperville","IL","U.S.A.","",""
1405,"Pioneer Badminton Club","586 Territorial Dr # D","60440","Bolingbrook","Illinois","U.S.A.","(630)-410-2349",""
1406,"Westminster High School","14325 Goldenwest St","92683","Westminster","CA","U.S.A.","",""
1408,"Synergy Fremont (Sun) & Menlo Park (Sat)","","","Menlo Park & Fremont","CA","U.S.A.","",""
1412,"University of Washington Intramural Activities Building","3942 Montlake Blvd NE","98195","Seattle","Washington","U.S.A.","","husky.badminton@gmail.com"
1413,"Ramsey Student Center - Gym East","330 River Rd","30602","Athens","Georgia","U.S.A.","",""
1414,"Club 7 Charlotte","3424 Pleasant Plains Road","28104","Stallings","NC","U.S.A.","","info@club7sports.com"
1415,"WP Wagner","6310 Wagner Rd NW,","T6E 4N5","Edmonton","Alberta","Canada","",""
1416,"Vistara Sports","400 W vista ridge mall dr lewisvelle","75067","lewisvelle","Texas","U.S.A.","972-315-7495","tournaments@vistarasports.com"
1420,"Pioneer Badminton","586 Territorial Dr Suite D","60440","Bolingbrook","Illinois","U.S.A.","",""
1422,"School of Public Health Gym 2101","4200 Valley Drive","20742","College Park","MD","U.S.A.","","info@umdclubbadminton.com"
1424,"Collège St-Sacrement","901 rue St-Louis","J6W 1K1","Terrebonne","Québec","Canada","",""
1425,"Collège Saint-Sacrement","","","Terrebonne","Québec","Canada","",""
1428,"Forker 0175","2642 Union Drive","50011","Ames","Iowa","U.S.A.","",""
1429,"The Farm","2660 Vickers Drive","80918","Colorado Springs","CO","U.S.A.","",""
1430,"Complexe Sportif Saint-Raphaël","750 Jacques Bizard Blvd,","H9C 2Y2","L'Île-Bizard","Quebec","Canada","",""
1431,"Synergy Fremont & Menlo Park","","","Menlo Park & Fremont","CA","U.S.A.","",""
1434,"Glacier Creek Middle School","2800 N Military Rd","53528","Cross Plains","WI","U.S.A.","",""
1436,"HBB","43921 Boscell Rd","94538","Fremont","ca","U.S.A.","",""
1438,"Smash","9586 Distribution Ave Suite E","92121","San Diego","CA","U.S.A.","",""
1439,"Académie Ste-Thérèse","425 Rue Blainville E","J7E 1N7","Sainte-thérèse","Québec","Canada","",""
1440,"Independence High School","617 N Jackson Ave","","San Jose","CA","U.S.A.","",""
1441,"MBC - BG","1362 Barclay Blvd","60089","Buffalo Grove","IL","U.S.A.","847-777-1050","events@mbadminton.com"
1442,"Club 28 Delaware","217 Lisa Dr","","New castle","Delaware","U.S.A.","9176316713","club28.usa@gmail.com"
1444,"570A TELSER RD","","60047","LAKE ZURICH","IL","U.S.A.","",""
1445,"ISGD Gymnasium","730 South Alpha Bellbrook Road","45305","Sugarcreek","Ohio","U.S.A.","937 626 7101","shahidashraf74@gmail.com"
1447,"Mountain Range High School","12500 Huron St","80234","Westminster","CO","U.S.A.","",""
1450,"Main Gym @ UCSD","","","La Jolla","CA","U.S.A.","8583196970","sungodbaddy@gmail.com"
1451,"New Hope Badminton Academy","1422 NJ-179","","Lambertville","New Jersey","U.S.A.","",""
1452,"The Crane Chinatown","1001 Vine St","19107","Philadelphia","PA","U.S.A.","9176316713",""
1455,"ELITE BADMINTON CENTER","33540 CENTER AVE","","UNION CITY","CA","U.S.A.","5104313130","EBCCHARITY2023@GMAIL.COM"
1458,"Bellevue Badminton Club - Renton","846 Lind Ave SW SW","","Renton","WA","U.S.A.","",""
1460,"Forth Worth Convention Center","","","Fort Worth, Texas","","U.S.A.","",""
